[{"model": "usuarios.user", "pk": 64, "fields": {"password": "pbkdf2_sha256$150000$Ei9LQR1GeHfc$gD0pMQyfR8qnv4KXXYvcrh+RujGFcK9rtHrgIfeznKk=", "last_login": "2020-06-08T20:28:09.115Z", "is_superuser": true, "username": "florencia.miranda", "first_name": "Florencia ", "last_name": "miranda", "email": "", "is_staff": false, "is_active": true, "date_joined": "2020-06-08T19:59:35.685Z", "es_profesora": true, "es_voluntaria": false, "es_coordinadora": false, "es_alumna": false, "model_pic": "pic_folder/None/no-img.jpg", "groups": [], "user_permissions": []}}, {"model": "usuarios.user", "pk": 65, "fields": {"password": "pbkdf2_sha256$150000$fGjRVuYBVare$Y00KxUTaNceeyg7PmvwbyPfHd6lkdQu2Pp+XrMu1gXE=", "last_login": null, "is_superuser": false, "username": "valentina.urzua", "first_name": "Valentina", "last_name": "Urzua", "email": "", "is_staff": false, "is_active": true, "date_joined": "2020-06-08T19:59:35.804Z", "es_profesora": true, "es_voluntaria": false, "es_coordinadora": false, "es_alumna": false, "model_pic": "pic_folder/None/no-img.jpg", "groups": [], "user_permissions": []}}, {"model": "usuarios.user", "pk": 66, "fields": {"password": "pbkdf2_sha256$150000$EB1oSZkq6Vs8$fGDbm8/oBYBH/VG4y5AZmsx3EnL8l8YtviiKU48Iiww=", "last_login": null, "is_superuser": false, "username": "jorge.pinto", "first_name": "Jorge", "last_name": "Pinto", "email": "", "is_staff": false, "is_active": true, "date_joined": "2020-06-08T19:59:35.881Z", "es_profesora": true, "es_voluntaria": false, "es_coordinadora": false, "es_alumna": false, "model_pic": "pic_folder/None/no-img.jpg", "groups": [], "user_permissions": []}}, {"model": "usuarios.user", "pk": 67, "fields": {"password": "pbkdf2_sha256$150000$lkcF5LWPb1hq$lHj+FrwQ62MQuR2mgUtfWdMmFrwxVdmt0VK4inBqg3g=", "last_login": null, "is_superuser": false, "username": "pillippa.perez", "first_name": "Pillippa ", "last_name": "Perez", "email": "", "is_staff": false, "is_active": true, "date_joined": "2020-06-08T19:59:35.957Z", "es_profesora": true, "es_voluntaria": false, "es_coordinadora": false, "es_alumna": false, "model_pic": "pic_folder/None/no-img.jpg", "groups": [], "user_permissions": []}}, {"model": "usuarios.user", "pk": 68, "fields": {"password": "pbkdf2_sha256$150000$cSNFC1WmJdxf$fHFGHDBmnk7WBtA3xcV8gmOl9/OOmwfzhr3UQ+W3XBw=", "last_login": null, "is_superuser": false, "username": "jocelyn", "first_name": "Jocelyn ", "last_name": "Simmonds", "email": "", "is_staff": false, "is_active": true, "date_joined": "2020-06-08T19:59:36.035Z", "es_profesora": true, "es_voluntaria": false, "es_coordinadora": false, "es_alumna": false, "model_pic": "pic_folder/None/no-img.jpg", "groups": [], "user_permissions": []}}, {"model": "usuarios.user", "pk": 69, "fields": {"password": "pbkdf2_sha256$150000$C0k8bEE2vKk6$Myt8VX9QBzPiOAdnnATIqtcU+671/NsqKy0GCZdgv6w=", "last_login": null, "is_superuser": false, "username": "willy", "first_name": "Willy", "last_name": "maikowski", "email": "", "is_staff": false, "is_active": true, "date_joined": "2020-06-08T19:59:36.111Z", "es_profesora": true, "es_voluntaria": false, "es_coordinadora": false, "es_alumna": false, "model_pic": "pic_folder/None/no-img.jpg", "groups": [], "user_permissions": []}}, {"model": "usuarios.user", "pk": 70, "fields": {"password": "pbkdf2_sha256$150000$2asnDmeM8K6W$ZzfKuaz8xxIDR/zlNszFr6uUEZ1/XPHRc8wRIeZwOb8=", "last_login": null, "is_superuser": false, "username": "seb.contreras", "first_name": "Sebasti\u00e1n ", "last_name": "Contreras", "email": "", "is_staff": false, "is_active": true, "date_joined": "2020-06-08T19:59:36.188Z", "es_profesora": true, "es_voluntaria": false, "es_coordinadora": false, "es_alumna": false, "model_pic": "pic_folder/None/no-img.jpg", "groups": [], "user_permissions": []}}, {"model": "usuarios.user", "pk": 71, "fields": {"password": "pbkdf2_sha256$150000$xbT3mBRx0u2v$9nGaArR6lNG49t6MZjEflfx4Advdcud+FFiQ0/6CrqA=", "last_login": null, "is_superuser": false, "username": "ignacio.machuca", "first_name": "Ignacio", "last_name": "Machuca", "email": "", "is_staff": false, "is_active": true, "date_joined": "2020-06-08T19:59:36.266Z", "es_profesora": true, "es_voluntaria": false, "es_coordinadora": false, "es_alumna": false, "model_pic": "pic_folder/None/no-img.jpg", "groups": [], "user_permissions": []}}, {"model": "usuarios.user", "pk": 72, "fields": {"password": "pbkdf2_sha256$150000$U8zVnbkbRlih$gmyus0eTAHxM/91iYdPlOsTnmEICaqALKTjjn7oWS2s=", "last_login": null, "is_superuser": false, "username": "daniela.campos", "first_name": "Daniela", "last_name": "Campos", "email": "", "is_staff": false, "is_active": true, "date_joined": "2020-06-08T19:59:36.342Z", "es_profesora": true, "es_voluntaria": false, "es_coordinadora": false, "es_alumna": false, "model_pic": "pic_folder/None/no-img.jpg", "groups": [], "user_permissions": []}}, {"model": "usuarios.user", "pk": 73, "fields": {"password": "pbkdf2_sha256$150000$adAjvYQpTjl7$HPQeewK9Dkd+fVlUCFev7qwx6JRgT+/3DhQkOzs1BKQ=", "last_login": null, "is_superuser": false, "username": "matias.saez", "first_name": "Matias", "last_name": "Saez", "email": "", "is_staff": false, "is_active": true, "date_joined": "2020-06-08T19:59:36.417Z", "es_profesora": true, "es_voluntaria": false, "es_coordinadora": false, "es_alumna": false, "model_pic": "pic_folder/None/no-img.jpg", "groups": [], "user_permissions": []}}, {"model": "usuarios.user", "pk": 74, "fields": {"password": "pbkdf2_sha256$150000$iBsXcSMI1n2q$99UV1sGOyZEWZl1Lhze+l0xsENEzdviert1FWc7aBwI=", "last_login": null, "is_superuser": false, "username": "ignacia.aguilera", "first_name": "Ignacia", "last_name": "Aguilera", "email": "", "is_staff": false, "is_active": true, "date_joined": "2020-06-08T19:59:36.495Z", "es_profesora": true, "es_voluntaria": false, "es_coordinadora": false, "es_alumna": false, "model_pic": "pic_folder/None/no-img.jpg", "groups": [], "user_permissions": []}}, {"model": "usuarios.user", "pk": 75, "fields": {"password": "pbkdf2_sha256$150000$zFEzTrRsbhuo$DX29qjd/2HpR9tKnkU8klBp2ifvptZi+raynWnqDvo0=", "last_login": null, "is_superuser": false, "username": "fernanda.macias", "first_name": "Fernanda", "last_name": "Macias", "email": "", "is_staff": false, "is_active": true, "date_joined": "2020-06-08T19:59:36.584Z", "es_profesora": true, "es_voluntaria": false, "es_coordinadora": false, "es_alumna": false, "model_pic": "pic_folder/None/no-img.jpg", "groups": [], "user_permissions": []}}, {"model": "usuarios.user", "pk": 76, "fields": {"password": "pbkdf2_sha256$150000$G6Uy2EBRQzIW$Stjqco0g/I9LxcSaMgR9wjzsYufKiHDK6DZFwzWZg7w=", "last_login": null, "is_superuser": false, "username": "antonia.labarca", "first_name": "Antonia", "last_name": "Labarca", "email": "", "is_staff": false, "is_active": true, "date_joined": "2020-06-08T19:59:36.660Z", "es_profesora": true, "es_voluntaria": false, "es_coordinadora": false, "es_alumna": false, "model_pic": "pic_folder/None/no-img.jpg", "groups": [], "user_permissions": []}}, {"model": "usuarios.user", "pk": 77, "fields": {"password": "pbkdf2_sha256$150000$vqpnbjVsHCPD$RyKncjMQ9em/24Wbs9B5iBCd5i6STBd2KPY5dg1FUG0=", "last_login": null, "is_superuser": false, "username": "majo.zambrano", "first_name": "Maria Jose", "last_name": "Zambrano", "email": "", "is_staff": false, "is_active": true, "date_joined": "2020-06-08T19:59:36.738Z", "es_profesora": true, "es_voluntaria": false, "es_coordinadora": false, "es_alumna": false, "model_pic": "pic_folder/None/no-img.jpg", "groups": [], "user_permissions": []}}, {"model": "usuarios.user", "pk": 78, "fields": {"password": "pbkdf2_sha256$150000$W93iKE41i4CF$Dk7ki5SchN3GpUBur8aKjgTqJSFEBy18kWcQw9CN61U=", "last_login": null, "is_superuser": false, "username": "monserrat.prado", "first_name": "Monserrat", "last_name": "Prado", "email": "", "is_staff": false, "is_active": true, "date_joined": "2020-06-08T19:59:36.815Z", "es_profesora": true, "es_voluntaria": false, "es_coordinadora": false, "es_alumna": false, "model_pic": "pic_folder/None/no-img.jpg", "groups": [], "user_permissions": []}}, {"model": "usuarios.user", "pk": 79, "fields": {"password": "pbkdf2_sha256$150000$FipeyeeZWCiA$6BpOpvxF36pKPU8rRbrQpwo1uvXwR0yeb5jme4smg7w=", "last_login": null, "is_superuser": false, "username": "alumna1", "first_name": "Juana", "last_name": "Perez", "email": "", "is_staff": false, "is_active": true, "date_joined": "2020-06-08T20:21:52.506Z", "es_profesora": false, "es_voluntaria": false, "es_coordinadora": false, "es_alumna": true, "model_pic": "pic_folder/None/no-img.jpg", "groups": [], "user_permissions": []}}, {"model": "usuarios.user", "pk": 80, "fields": {"password": "pbkdf2_sha256$150000$fwnTKbenlxbc$0WwmbJA0gXNAVRJdMmCYpCDCOVHIJfbxtOMxLQY67XM=", "last_login": null, "is_superuser": false, "username": "alumna2", "first_name": "Claudia", "last_name": "Mu\u00f1oz", "email": "", "is_staff": false, "is_active": true, "date_joined": "2020-06-08T20:21:52.620Z", "es_profesora": false, "es_voluntaria": false, "es_coordinadora": false, "es_alumna": true, "model_pic": "pic_folder/None/no-img.jpg", "groups": [], "user_permissions": []}}, {"model": "usuarios.user", "pk": 81, "fields": {"password": "pbkdf2_sha256$150000$BG6BfOfovo2s$F5joBif9W9GBxG4YI0BLgjWGkDhR33xW5R6j7bGOPHg=", "last_login": null, "is_superuser": false, "username": "alumna3", "first_name": "Claudia", "last_name": "Briones", "email": "", "is_staff": false, "is_active": true, "date_joined": "2020-06-08T20:21:52.702Z", "es_profesora": false, "es_voluntaria": false, "es_coordinadora": false, "es_alumna": true, "model_pic": "pic_folder/None/no-img.jpg", "groups": [], "user_permissions": []}}, {"model": "usuarios.user", "pk": 82, "fields": {"password": "pbkdf2_sha256$150000$8MfqgTr50Dww$QJxkyvF78Mer1EleJbHJktZEXvk4/SGvJo0IuJ4klpg=", "last_login": null, "is_superuser": false, "username": "alumna4", "first_name": "Claudia", "last_name": "Opazo", "email": "", "is_staff": false, "is_active": true, "date_joined": "2020-06-08T20:21:52.783Z", "es_profesora": false, "es_voluntaria": false, "es_coordinadora": false, "es_alumna": true, "model_pic": "pic_folder/None/no-img.jpg", "groups": [], "user_permissions": []}}, {"model": "usuarios.user", "pk": 83, "fields": {"password": "pbkdf2_sha256$150000$k2xwj8OjzHo0$rL/TRgmM3MATcjpBuTVcUdFpc9tGUmuXAWbg3itIqMc=", "last_login": null, "is_superuser": false, "username": "alumna5", "first_name": "Antonia", "last_name": "Quezada", "email": "", "is_staff": false, "is_active": true, "date_joined": "2020-06-08T20:21:52.860Z", "es_profesora": false, "es_voluntaria": false, "es_coordinadora": false, "es_alumna": true, "model_pic": "pic_folder/None/no-img.jpg", "groups": [], "user_permissions": []}}, {"model": "usuarios.user", "pk": 84, "fields": {"password": "pbkdf2_sha256$150000$0xOSBkMjhRCI$Y38I9cWrPQMdLFzJanm4vJ+hwpaLWGa3E/GTsGp/ZWY=", "last_login": null, "is_superuser": false, "username": "alumna6", "first_name": "Fernanda", "last_name": "Mac\u00edas", "email": "", "is_staff": false, "is_active": true, "date_joined": "2020-06-08T20:21:52.937Z", "es_profesora": false, "es_voluntaria": false, "es_coordinadora": false, "es_alumna": true, "model_pic": "pic_folder/None/no-img.jpg", "groups": [], "user_permissions": []}}, {"model": "usuarios.user", "pk": 85, "fields": {"password": "pbkdf2_sha256$150000$MhWUJX3tzAPX$qeZSRZxjATQF+5bZuinWTh9iANb9XQ9lzxUhsMPJ2Go=", "last_login": null, "is_superuser": false, "username": "alumna7", "first_name": "Ignacia", "last_name": "Mac\u00edas", "email": "", "is_staff": false, "is_active": true, "date_joined": "2020-06-08T20:21:53.013Z", "es_profesora": false, "es_voluntaria": false, "es_coordinadora": false, "es_alumna": true, "model_pic": "pic_folder/None/no-img.jpg", "groups": [], "user_permissions": []}}, {"model": "usuarios.user", "pk": 86, "fields": {"password": "pbkdf2_sha256$150000$wXYj1jIHwRqw$CYf+FNVsjaeKFG2RmF8MCzTtBhqOQEITRVzT9SkJM2A=", "last_login": null, "is_superuser": false, "username": "alumna8", "first_name": "Ignacia", "last_name": "Labarca", "email": "", "is_staff": false, "is_active": true, "date_joined": "2020-06-08T20:21:53.090Z", "es_profesora": false, "es_voluntaria": false, "es_coordinadora": false, "es_alumna": true, "model_pic": "pic_folder/None/no-img.jpg", "groups": [], "user_permissions": []}}, {"model": "usuarios.user", "pk": 87, "fields": {"password": "pbkdf2_sha256$150000$JOaRFCM4Ws19$iSbYSvCWlUQ2bWSznQJNzTU+SsBpMG5BRD8yuDAP2a0=", "last_login": null, "is_superuser": false, "username": "alumna9", "first_name": "Karina", "last_name": "Rozas", "email": "", "is_staff": false, "is_active": true, "date_joined": "2020-06-08T20:21:53.166Z", "es_profesora": false, "es_voluntaria": false, "es_coordinadora": false, "es_alumna": true, "model_pic": "pic_folder/None/no-img.jpg", "groups": [], "user_permissions": []}}, {"model": "usuarios.user", "pk": 88, "fields": {"password": "pbkdf2_sha256$150000$lrJVXYos1xfw$ebMjArxKqp2Zq/RLrNvAOLen+Lz7YJr+UP8Dach+Kcc=", "last_login": null, "is_superuser": false, "username": "alumna10", "first_name": "Florencia", "last_name": "Manr\u00edquez", "email": "", "is_staff": false, "is_active": true, "date_joined": "2020-06-08T20:21:53.243Z", "es_profesora": false, "es_voluntaria": false, "es_coordinadora": false, "es_alumna": true, "model_pic": "pic_folder/None/no-img.jpg", "groups": [], "user_permissions": []}}, {"model": "usuarios.user", "pk": 89, "fields": {"password": "pbkdf2_sha256$150000$KpsonkvwROaJ$7/4yWKiPIFaM/bx3iTGhejfGYLBZNZcoZQR+jdR/fP4=", "last_login": null, "is_superuser": false, "username": "alumna11", "first_name": "Antonia", "last_name": "Jimenez", "email": "", "is_staff": false, "is_active": true, "date_joined": "2020-06-08T20:21:53.336Z", "es_profesora": false, "es_voluntaria": false, "es_coordinadora": false, "es_alumna": true, "model_pic": "pic_folder/None/no-img.jpg", "groups": [], "user_permissions": []}}, {"model": "usuarios.user", "pk": 90, "fields": {"password": "pbkdf2_sha256$150000$i9W0sCNfqXzv$NYaPCmmWfaAJNzQloq8XaUP/5b0T4O1UQdOcSIdAXcU=", "last_login": null, "is_superuser": false, "username": "alumna12", "first_name": "Constanza", "last_name": "Mora", "email": "", "is_staff": false, "is_active": true, "date_joined": "2020-06-08T20:21:53.419Z", "es_profesora": false, "es_voluntaria": false, "es_coordinadora": false, "es_alumna": true, "model_pic": "pic_folder/None/no-img.jpg", "groups": [], "user_permissions": []}}, {"model": "usuarios.user", "pk": 91, "fields": {"password": "pbkdf2_sha256$150000$8PN9Ybcx8da8$amlJ0Y8f9JGQlMIzJf53xl3symbO6PAc7iJCdS5opMs=", "last_login": null, "is_superuser": false, "username": "alumna13", "first_name": "Rosario", "last_name": "Gonz\u00e1lez", "email": "", "is_staff": false, "is_active": true, "date_joined": "2020-06-08T20:21:53.496Z", "es_profesora": false, "es_voluntaria": false, "es_coordinadora": false, "es_alumna": true, "model_pic": "pic_folder/None/no-img.jpg", "groups": [], "user_permissions": []}}, {"model": "usuarios.user", "pk": 92, "fields": {"password": "pbkdf2_sha256$150000$fpz61EQSiqu9$iDqh/VxpuhTkVqNKjqoEuC3X+nExXcBWbNfrwBa4YYg=", "last_login": null, "is_superuser": false, "username": "alumna14", "first_name": "Lupe", "last_name": "Rojas", "email": "", "is_staff": false, "is_active": true, "date_joined": "2020-06-08T20:21:53.574Z", "es_profesora": false, "es_voluntaria": false, "es_coordinadora": false, "es_alumna": true, "model_pic": "pic_folder/None/no-img.jpg", "groups": [], "user_permissions": []}}, {"model": "usuarios.user", "pk": 93, "fields": {"password": "pbkdf2_sha256$150000$rZTYW5J0DjwF$ZdpceAWZKOYawQRWzEx2Fy6zlwJr60RWPFzGPjI43oM=", "last_login": null, "is_superuser": false, "username": "alumna15", "first_name": "Martina", "last_name": "Monsalves", "email": "", "is_staff": false, "is_active": true, "date_joined": "2020-06-08T20:21:53.654Z", "es_profesora": false, "es_voluntaria": false, "es_coordinadora": false, "es_alumna": true, "model_pic": "pic_folder/None/no-img.jpg", "groups": [], "user_permissions": []}}, {"model": "usuarios.user", "pk": 94, "fields": {"password": "pbkdf2_sha256$150000$zwaW3EKFejkk$jR9vGJ9l/9rZPxiSk6n/oHiFmY+DVDRxibeMtGK6M+g=", "last_login": null, "is_superuser": false, "username": "alumna16", "first_name": "Bel\u00e9n", "last_name": "Acevedo", "email": "", "is_staff": false, "is_active": true, "date_joined": "2020-06-08T20:21:53.730Z", "es_profesora": false, "es_voluntaria": false, "es_coordinadora": false, "es_alumna": true, "model_pic": "pic_folder/None/no-img.jpg", "groups": [], "user_permissions": []}}, {"model": "usuarios.user", "pk": 95, "fields": {"password": "pbkdf2_sha256$150000$lfIzIhvrNLgP$7R3kzRemPmmq1Ix+M3rPfRJKu00Nf+vXA1hTPp7P+tw=", "last_login": null, "is_superuser": false, "username": "alumna17", "first_name": "Francisca", "last_name": "Riquelme", "email": "", "is_staff": false, "is_active": true, "date_joined": "2020-06-08T20:21:53.807Z", "es_profesora": false, "es_voluntaria": false, "es_coordinadora": false, "es_alumna": true, "model_pic": "pic_folder/None/no-img.jpg", "groups": [], "user_permissions": []}}, {"model": "usuarios.user", "pk": 96, "fields": {"password": "pbkdf2_sha256$150000$ZwvNRPMMe7HD$DDksEF/tz6A3gwtJw/rbYBieqLCz67cwgNa9XI2dYXA=", "last_login": null, "is_superuser": false, "username": "alumna18", "first_name": "Gabriela", "last_name": "Herrera", "email": "", "is_staff": false, "is_active": true, "date_joined": "2020-06-08T20:21:53.886Z", "es_profesora": false, "es_voluntaria": false, "es_coordinadora": false, "es_alumna": true, "model_pic": "pic_folder/None/no-img.jpg", "groups": [], "user_permissions": []}}, {"model": "usuarios.user", "pk": 97, "fields": {"password": "pbkdf2_sha256$150000$QTpSP5kWUvGI$9RLqaH4dCTnZ9N/anOlFSo6pXMrNmpoZyLDkBf5DF3M=", "last_login": null, "is_superuser": false, "username": "alumna19", "first_name": "Francisca", "last_name": "Fabres", "email": "", "is_staff": false, "is_active": true, "date_joined": "2020-06-08T20:21:53.965Z", "es_profesora": false, "es_voluntaria": false, "es_coordinadora": false, "es_alumna": true, "model_pic": "pic_folder/None/no-img.jpg", "groups": [], "user_permissions": []}}, {"model": "usuarios.user", "pk": 98, "fields": {"password": "pbkdf2_sha256$150000$ffqUT9mSZ7AY$68sqhg6kbCs29m2dGFW/N/wDqzgeFQcTUxYoYaNtXDo=", "last_login": null, "is_superuser": false, "username": "alumna20", "first_name": "B\u00e1rbara", "last_name": "Fuentes", "email": "", "is_staff": false, "is_active": true, "date_joined": "2020-06-08T20:21:54.043Z", "es_profesora": false, "es_voluntaria": false, "es_coordinadora": false, "es_alumna": true, "model_pic": "pic_folder/None/no-img.jpg", "groups": [], "user_permissions": []}}, {"model": "usuarios.user", "pk": 99, "fields": {"password": "pbkdf2_sha256$150000$g8A3HEzOfpY2$ur6LaKyPidlVTBPI+jPK2C+dDTp8zO3DjgU8jiAAqAw=", "last_login": null, "is_superuser": false, "username": "alumna21", "first_name": "Paula", "last_name": "Cifuentes", "email": "", "is_staff": false, "is_active": true, "date_joined": "2020-06-08T20:21:54.120Z", "es_profesora": false, "es_voluntaria": false, "es_coordinadora": false, "es_alumna": true, "model_pic": "pic_folder/None/no-img.jpg", "groups": [], "user_permissions": []}}, {"model": "usuarios.user", "pk": 100, "fields": {"password": "pbkdf2_sha256$150000$aUqyRGPjh0tT$8V9Ug+9hNbOU5AXqjCNrHAtYccee1YbBcUBkQ1Te9uU=", "last_login": null, "is_superuser": false, "username": "alumna22", "first_name": "Paulina", "last_name": "Lagos", "email": "", "is_staff": false, "is_active": true, "date_joined": "2020-06-08T20:21:54.197Z", "es_profesora": false, "es_voluntaria": false, "es_coordinadora": false, "es_alumna": true, "model_pic": "pic_folder/None/no-img.jpg", "groups": [], "user_permissions": []}}, {"model": "usuarios.user", "pk": 101, "fields": {"password": "pbkdf2_sha256$150000$GpIdfvYlZYxw$W+RjNYY3bzgZDqfKlhTKYSbg0SYZSKeC5SDc6VXNYUo=", "last_login": null, "is_superuser": false, "username": "alumna23", "first_name": "Alejandra", "last_name": "Rivas", "email": "", "is_staff": false, "is_active": true, "date_joined": "2020-06-08T20:21:54.276Z", "es_profesora": false, "es_voluntaria": false, "es_coordinadora": false, "es_alumna": true, "model_pic": "pic_folder/None/no-img.jpg", "groups": [], "user_permissions": []}}, {"model": "usuarios.user", "pk": 102, "fields": {"password": "pbkdf2_sha256$150000$XurJGX92mIH7$pwiTZDf1hq249wUmr89nfEDW5vqgfhGmrsPSVahJV9w=", "last_login": null, "is_superuser": false, "username": "alumna24", "first_name": "Mabel", "last_name": "Recabarren", "email": "", "is_staff": false, "is_active": true, "date_joined": "2020-06-08T20:21:54.353Z", "es_profesora": false, "es_voluntaria": false, "es_coordinadora": false, "es_alumna": true, "model_pic": "pic_folder/None/no-img.jpg", "groups": [], "user_permissions": []}}, {"model": "usuarios.user", "pk": 103, "fields": {"password": "pbkdf2_sha256$150000$qWFnSmH8jqUW$VD/u4YUlXACOWqNRLVjhQveFNIPFFVyhR96GtKq52AI=", "last_login": null, "is_superuser": false, "username": "alumna25", "first_name": "Teresa", "last_name": "Paredes", "email": "", "is_staff": false, "is_active": true, "date_joined": "2020-06-08T20:21:54.431Z", "es_profesora": false, "es_voluntaria": false, "es_coordinadora": false, "es_alumna": true, "model_pic": "pic_folder/None/no-img.jpg", "groups": [], "user_permissions": []}}, {"model": "usuarios.user", "pk": 104, "fields": {"password": "pbkdf2_sha256$150000$WxofQuKOvmRf$56wl7Je6MZv9rQYRlJTnPnUQUvIunYfRRtUmpOTXyb4=", "last_login": null, "is_superuser": false, "username": "alumna26", "first_name": "Alicia", "last_name": "Cuadra", "email": "", "is_staff": false, "is_active": true, "date_joined": "2020-06-08T20:21:54.508Z", "es_profesora": false, "es_voluntaria": false, "es_coordinadora": false, "es_alumna": true, "model_pic": "pic_folder/None/no-img.jpg", "groups": [], "user_permissions": []}}, {"model": "usuarios.user", "pk": 105, "fields": {"password": "pbkdf2_sha256$150000$tt0YeeEOUbmr$lyoFwfXTp9WdLZugCx0/ca/ls7B7GuW3OYM3sB6z6nE=", "last_login": null, "is_superuser": false, "username": "alumna27", "first_name": "Cecilia", "last_name": "Poblete", "email": "", "is_staff": false, "is_active": true, "date_joined": "2020-06-08T20:21:54.585Z", "es_profesora": false, "es_voluntaria": false, "es_coordinadora": false, "es_alumna": true, "model_pic": "pic_folder/None/no-img.jpg", "groups": [], "user_permissions": []}}, {"model": "usuarios.user", "pk": 106, "fields": {"password": "pbkdf2_sha256$150000$roHJDrYjVVrQ$n/384oxUaIBuvMzlsHHrwwkTNc7cYmKPNY4RHMUq2IU=", "last_login": null, "is_superuser": false, "username": "alumna28", "first_name": "Marta", "last_name": "Osorio", "email": "", "is_staff": false, "is_active": true, "date_joined": "2020-06-08T20:21:54.663Z", "es_profesora": false, "es_voluntaria": false, "es_coordinadora": false, "es_alumna": true, "model_pic": "pic_folder/None/no-img.jpg", "groups": [], "user_permissions": []}}, {"model": "usuarios.user", "pk": 107, "fields": {"password": "pbkdf2_sha256$150000$u28Un76vgwIy$sfUdvPbjn+BOJfc6JAT8uY0s993sN6KElYBuNTvgdqE=", "last_login": null, "is_superuser": false, "username": "alumna29", "first_name": "Natalia", "last_name": "Arce", "email": "", "is_staff": false, "is_active": true, "date_joined": "2020-06-08T20:21:54.740Z", "es_profesora": false, "es_voluntaria": false, "es_coordinadora": false, "es_alumna": true, "model_pic": "pic_folder/None/no-img.jpg", "groups": [], "user_permissions": []}}, {"model": "usuarios.user", "pk": 108, "fields": {"password": "pbkdf2_sha256$150000$NAIM5VA0As1B$SLivR8J8JBauhwGUWnrrPUKjjAwRcesYd76+mTHjoxs=", "last_login": null, "is_superuser": false, "username": "alumna30", "first_name": "Daniela", "last_name": "Medina", "email": "", "is_staff": false, "is_active": true, "date_joined": "2020-06-08T20:21:54.818Z", "es_profesora": false, "es_voluntaria": false, "es_coordinadora": false, "es_alumna": true, "model_pic": "pic_folder/None/no-img.jpg", "groups": [], "user_permissions": []}}, {"model": "usuarios.user", "pk": 109, "fields": {"password": "pbkdf2_sha256$150000$8jHazW5nNHG7$SHf5oZEIEqVOxWf/9aGf7zdyCAiHH9/FdgFusf7WC/0=", "last_login": null, "is_superuser": false, "username": "alumna31", "first_name": "Gabriela", "last_name": "Cuadra", "email": "", "is_staff": false, "is_active": true, "date_joined": "2020-06-08T20:21:54.895Z", "es_profesora": false, "es_voluntaria": false, "es_coordinadora": false, "es_alumna": true, "model_pic": "pic_folder/None/no-img.jpg", "groups": [], "user_permissions": []}}, {"model": "usuarios.user", "pk": 110, "fields": {"password": "pbkdf2_sha256$150000$WBQxGgITNlVW$Zm8TqYste9EpAevaQF2gOvU1e1tx8sItJ1wTMbjcW6g=", "last_login": null, "is_superuser": false, "username": "alumna32", "first_name": "Luciana", "last_name": "D\u00edaz", "email": "", "is_staff": false, "is_active": true, "date_joined": "2020-06-08T20:21:54.973Z", "es_profesora": false, "es_voluntaria": false, "es_coordinadora": false, "es_alumna": true, "model_pic": "pic_folder/None/no-img.jpg", "groups": [], "user_permissions": []}}, {"model": "usuarios.user", "pk": 111, "fields": {"password": "pbkdf2_sha256$150000$GrjqnIDZ7KPj$KtnwsDu7SHYunj6OWtfyomhUZzzAKYPxEzSiQJJuLs4=", "last_login": null, "is_superuser": false, "username": "alumna33", "first_name": "Lucia", "last_name": "C\u00e1ceres", "email": "", "is_staff": false, "is_active": true, "date_joined": "2020-06-08T20:21:55.050Z", "es_profesora": false, "es_voluntaria": false, "es_coordinadora": false, "es_alumna": true, "model_pic": "pic_folder/None/no-img.jpg", "groups": [], "user_permissions": []}}, {"model": "usuarios.user", "pk": 112, "fields": {"password": "pbkdf2_sha256$150000$1CdksNTStZjj$/RYc9yVi1dcAUx9viOkA+l2b0J+FAB0is7sxOdzC0x8=", "last_login": null, "is_superuser": false, "username": "alumna34", "first_name": "Laura", "last_name": "Mierzo", "email": "", "is_staff": false, "is_active": true, "date_joined": "2020-06-08T20:21:55.129Z", "es_profesora": false, "es_voluntaria": false, "es_coordinadora": false, "es_alumna": true, "model_pic": "pic_folder/None/no-img.jpg", "groups": [], "user_permissions": []}}, {"model": "usuarios.user", "pk": 113, "fields": {"password": "pbkdf2_sha256$150000$4BmdoFCBBhjy$FxkfGhu2PqVDn6EIR0LQ4r4sGbJxVyDQ5Ue3ybGOClw=", "last_login": null, "is_superuser": false, "username": "alumna35", "first_name": "Scarlett", "last_name": "Suarez", "email": "", "is_staff": false, "is_active": true, "date_joined": "2020-06-08T20:21:55.207Z", "es_profesora": false, "es_voluntaria": false, "es_coordinadora": false, "es_alumna": true, "model_pic": "pic_folder/None/no-img.jpg", "groups": [], "user_permissions": []}}, {"model": "usuarios.user", "pk": 114, "fields": {"password": "pbkdf2_sha256$150000$jYeTAHU16i1b$DkYJUJ670OkerI8QuzIhQlbtN7zCRBYn6qNV5GaOyYM=", "last_login": null, "is_superuser": false, "username": "alumna36", "first_name": "Catalina", "last_name": "Bravo", "email": "", "is_staff": false, "is_active": true, "date_joined": "2020-06-08T20:21:55.284Z", "es_profesora": false, "es_voluntaria": false, "es_coordinadora": false, "es_alumna": true, "model_pic": "pic_folder/None/no-img.jpg", "groups": [], "user_permissions": []}}, {"model": "usuarios.user", "pk": 115, "fields": {"password": "pbkdf2_sha256$150000$lr3zt9Kr3Bss$KUuTN6bjAacJ/lKbtFORgx8Pzkrj2VU6LtvrZYj++jY=", "last_login": null, "is_superuser": false, "username": "alumna37", "first_name": "Alejandra", "last_name": "Mu\u00f1oz", "email": "", "is_staff": false, "is_active": true, "date_joined": "2020-06-08T20:21:55.361Z", "es_profesora": false, "es_voluntaria": false, "es_coordinadora": false, "es_alumna": true, "model_pic": "pic_folder/None/no-img.jpg", "groups": [], "user_permissions": []}}, {"model": "usuarios.user", "pk": 116, "fields": {"password": "pbkdf2_sha256$150000$hMjjoghtwotR$Pvvque/ocafOCMvnXin6pDhunKinqFccJGE37HtyLdY=", "last_login": null, "is_superuser": false, "username": "alumna38", "first_name": "Josefa", "last_name": "Perez", "email": "", "is_staff": false, "is_active": true, "date_joined": "2020-06-08T20:21:55.438Z", "es_profesora": false, "es_voluntaria": false, "es_coordinadora": false, "es_alumna": true, "model_pic": "pic_folder/None/no-img.jpg", "groups": [], "user_permissions": []}}, {"model": "usuarios.user", "pk": 117, "fields": {"password": "pbkdf2_sha256$150000$Y0fG83zMk2dr$iITCCMmXohAFpcm7XF8PPybqpbjG702rHubzXemi7RU=", "last_login": null, "is_superuser": false, "username": "alumna39", "first_name": "Josefina", "last_name": "Quir\u00f3z", "email": "", "is_staff": false, "is_active": true, "date_joined": "2020-06-08T20:21:55.533Z", "es_profesora": false, "es_voluntaria": false, "es_coordinadora": false, "es_alumna": true, "model_pic": "pic_folder/None/no-img.jpg", "groups": [], "user_permissions": []}}, {"model": "usuarios.user", "pk": 118, "fields": {"password": "pbkdf2_sha256$150000$MjNNrEKy54kO$N+WvOxnAfZFvve3ZeahBkBprvqshhKLr9barPqfIkuk=", "last_login": null, "is_superuser": false, "username": "alumna40", "first_name": "Monserrat", "last_name": "Martinez", "email": "", "is_staff": false, "is_active": true, "date_joined": "2020-06-08T20:21:55.610Z", "es_profesora": false, "es_voluntaria": false, "es_coordinadora": false, "es_alumna": true, "model_pic": "pic_folder/None/no-img.jpg", "groups": [], "user_permissions": []}}, {"model": "usuarios.user", "pk": 119, "fields": {"password": "pbkdf2_sha256$150000$6iNjWQdiM0Bg$Qv3JVdiL+SBus0ZmaBO41/NQFAxAwyf82TsvXfTfc1c=", "last_login": "2020-06-08T20:26:35.064Z", "is_superuser": true, "username": "florencia.admin", "first_name": "", "last_name": "", "email": "flo.mirandai@gmail.com", "is_staff": true, "is_active": true, "date_joined": "2020-06-08T20:26:26.072Z", "es_profesora": false, "es_voluntaria": false, "es_coordinadora": false, "es_alumna": false, "model_pic": "pic_folder/None/no-img.jpg", "groups": [], "user_permissions": []}}, {"model": "cursos.curso", "pk": 9, "fields": {"nombre": "C++: B\u00e1sico, FCFM", "cant_clases": 18, "profesoras": [64, 65, 66, 67, 68, 69, 70, 73, 74, 75, 76, 77, 78], "voluntarias": [], "alumnas": [79, 80, 81, 82, 83, 84, 85, 86, 87, 88, 89, 90, 91, 92, 93, 94, 95, 96, 97, 98, 99, 100, 101, 102, 103, 104, 105, 106, 107, 108], "tema": []}}, {"model": "cursos.curso", "pk": 10, "fields": {"nombre": "C++: Avanzado, FCFM", "cant_clases": 18, "profesoras": [64, 68, 69, 71, 72], "voluntarias": [], "alumnas": [109, 110, 111, 112, 113, 114, 115, 116, 117, 118], "tema": []}}, {"model": "asistencia.asistencia", "pk": 5, "fields": {"alumna": 101, "clase": 115, "asistio": true}}, {"model": "asistencia.asistencia", "pk": 6, "fields": {"alumna": 104, "clase": 115, "asistio": true}}, {"model": "asistencia.asistencia", "pk": 7, "fields": {"alumna": 89, "clase": 115, "asistio": true}}, {"model": "asistencia.asistencia", "pk": 8, "fields": {"alumna": 83, "clase": 115, "asistio": false}}, {"model": "asistencia.asistencia", "pk": 9, "fields": {"alumna": 94, "clase": 115, "asistio": false}}, {"model": "asistencia.asistencia", "pk": 10, "fields": {"alumna": 98, "clase": 115, "asistio": false}}, {"model": "asistencia.asistencia", "pk": 11, "fields": {"alumna": 105, "clase": 115, "asistio": false}}, {"model": "asistencia.asistencia", "pk": 12, "fields": {"alumna": 81, "clase": 115, "asistio": false}}, {"model": "asistencia.asistencia", "pk": 13, "fields": {"alumna": 80, "clase": 115, "asistio": false}}, {"model": "asistencia.asistencia", "pk": 14, "fields": {"alumna": 82, "clase": 115, "asistio": false}}, {"model": "asistencia.asistencia", "pk": 15, "fields": {"alumna": 90, "clase": 115, "asistio": false}}, {"model": "asistencia.asistencia", "pk": 16, "fields": {"alumna": 108, "clase": 115, "asistio": false}}, {"model": "asistencia.asistencia", "pk": 17, "fields": {"alumna": 84, "clase": 115, "asistio": false}}, {"model": "asistencia.asistencia", "pk": 18, "fields": {"alumna": 88, "clase": 115, "asistio": false}}, {"model": "asistencia.asistencia", "pk": 19, "fields": {"alumna": 97, "clase": 115, "asistio": false}}, {"model": "asistencia.asistencia", "pk": 20, "fields": {"alumna": 95, "clase": 115, "asistio": false}}, {"model": "asistencia.asistencia", "pk": 21, "fields": {"alumna": 96, "clase": 115, "asistio": false}}, {"model": "asistencia.asistencia", "pk": 22, "fields": {"alumna": 86, "clase": 115, "asistio": false}}, {"model": "asistencia.asistencia", "pk": 23, "fields": {"alumna": 85, "clase": 115, "asistio": false}}, {"model": "asistencia.asistencia", "pk": 24, "fields": {"alumna": 79, "clase": 115, "asistio": false}}, {"model": "asistencia.asistencia", "pk": 25, "fields": {"alumna": 87, "clase": 115, "asistio": false}}, {"model": "asistencia.asistencia", "pk": 26, "fields": {"alumna": 92, "clase": 115, "asistio": false}}, {"model": "asistencia.asistencia", "pk": 27, "fields": {"alumna": 102, "clase": 115, "asistio": false}}, {"model": "asistencia.asistencia", "pk": 28, "fields": {"alumna": 106, "clase": 115, "asistio": false}}, {"model": "asistencia.asistencia", "pk": 29, "fields": {"alumna": 93, "clase": 115, "asistio": false}}, {"model": "asistencia.asistencia", "pk": 30, "fields": {"alumna": 107, "clase": 115, "asistio": false}}, {"model": "asistencia.asistencia", "pk": 31, "fields": {"alumna": 99, "clase": 115, "asistio": false}}, {"model": "asistencia.asistencia", "pk": 32, "fields": {"alumna": 100, "clase": 115, "asistio": false}}, {"model": "asistencia.asistencia", "pk": 33, "fields": {"alumna": 91, "clase": 115, "asistio": false}}, {"model": "asistencia.asistencia", "pk": 34, "fields": {"alumna": 103, "clase": 115, "asistio": true}}, {"model": "clases.clase", "pk": 110, "fields": {"nombre": "Apertura y prueba diagnostica", "publica": true, "fecha_clase": "2020-04-18", "curso": 9, "problemas": []}}, {"model": "clases.clase", "pk": 111, "fields": {"nombre": "Introducci\u00f3n a algoritmos", "publica": true, "fecha_clase": "2020-04-25", "curso": 9, "problemas": []}}, {"model": "clases.clase", "pk": 112, "fields": {"nombre": "Variables y operadores aritm\u00e9ticos", "publica": true, "fecha_clase": "2020-05-09", "curso": 9, "problemas": []}}, {"model": "clases.clase", "pk": 113, "fields": {"nombre": "Diagramas de flujo", "publica": true, "fecha_clase": "2020-05-16", "curso": 9, "problemas": []}}, {"model": "clases.clase", "pk": 114, "fields": {"nombre": "Estructuras de control condicional", "publica": true, "fecha_clase": "2020-05-23", "curso": 9, "problemas": []}}, {"model": "clases.clase", "pk": 115, "fields": {"nombre": "Semana de desaf\u00edo", "publica": true, "fecha_clase": "2020-06-08", "curso": 9, "problemas": []}}, {"model": "clases.clase", "pk": 116, "fields": {"nombre": "Ciclos for", "publica": true, "fecha_clase": "2020-06-13", "curso": 9, "problemas": []}}, {"model": "clases.clase", "pk": 117, "fields": {"nombre": "Ciclos while", "publica": true, "fecha_clase": "2020-06-20", "curso": 9, "problemas": []}}, {"model": "clases.clase", "pk": 118, "fields": {"nombre": "Arreglos num\u00e9ricos", "publica": true, "fecha_clase": "2020-07-04", "curso": 9, "problemas": []}}, {"model": "clases.clase", "pk": 119, "fields": {"nombre": "Semana de desaf\u00edo", "publica": true, "fecha_clase": "2020-08-01", "curso": 9, "problemas": []}}, {"model": "clases.clase", "pk": 120, "fields": {"nombre": "B\u00fasqueda lineal", "publica": true, "fecha_clase": "2020-08-08", "curso": 9, "problemas": []}}, {"model": "clases.clase", "pk": 121, "fields": {"nombre": "Introducci\u00f3n a funciones", "publica": true, "fecha_clase": "2020-08-22", "curso": 9, "problemas": []}}, {"model": "clases.clase", "pk": 122, "fields": {"nombre": "Semana de desaf\u00edo", "publica": true, "fecha_clase": "2020-08-29", "curso": 9, "problemas": []}}, {"model": "clases.clase", "pk": 123, "fields": {"nombre": "Semana de desaf\u00edo", "publica": true, "fecha_clase": "2020-09-05", "curso": 9, "problemas": []}}, {"model": "clases.clase", "pk": 124, "fields": {"nombre": "Semana de desaf\u00edo", "publica": true, "fecha_clase": "2020-09-12", "curso": 9, "problemas": []}}, {"model": "clases.clase", "pk": 125, "fields": {"nombre": "Apertura y prueba diagnostica", "publica": true, "fecha_clase": "2020-04-18", "curso": 10, "problemas": []}}, {"model": "clases.clase", "pk": 126, "fields": {"nombre": "Arreglos num\u00e9ricos y b\u00fasqueda lineal", "publica": true, "fecha_clase": "2020-04-25", "curso": 10, "problemas": []}}, {"model": "clases.clase", "pk": 127, "fields": {"nombre": "Semana de desaf\u00edo", "publica": true, "fecha_clase": "2020-05-09", "curso": 10, "problemas": []}}, {"model": "clases.clase", "pk": 128, "fields": {"nombre": "Ordenamiento", "publica": true, "fecha_clase": "2020-05-16", "curso": 10, "problemas": []}}, {"model": "clases.clase", "pk": 129, "fields": {"nombre": "Semana de desaf\u00edo", "publica": true, "fecha_clase": "2020-05-23", "curso": 10, "problemas": []}}, {"model": "clases.clase", "pk": 130, "fields": {"nombre": "Funciones", "publica": true, "fecha_clase": "2020-06-06", "curso": 10, "problemas": []}}, {"model": "clases.clase", "pk": 131, "fields": {"nombre": "Strings ", "publica": true, "fecha_clase": "2020-06-13", "curso": 10, "problemas": []}}, {"model": "clases.clase", "pk": 132, "fields": {"nombre": "Semana de desaf\u00edo", "publica": true, "fecha_clase": "2020-06-20", "curso": 10, "problemas": []}}, {"model": "clases.clase", "pk": 133, "fields": {"nombre": "Matrices ", "publica": true, "fecha_clase": "2020-07-04", "curso": 10, "problemas": []}}, {"model": "clases.clase", "pk": 134, "fields": {"nombre": "Estructuras I", "publica": true, "fecha_clase": "2020-08-01", "curso": 10, "problemas": []}}, {"model": "clases.clase", "pk": 135, "fields": {"nombre": "Estructuras II", "publica": true, "fecha_clase": "2020-08-08", "curso": 10, "problemas": []}}, {"model": "clases.clase", "pk": 136, "fields": {"nombre": "Semana de desaf\u00edo", "publica": true, "fecha_clase": "2020-08-22", "curso": 10, "problemas": []}}, {"model": "clases.clase", "pk": 137, "fields": {"nombre": "Recursi\u00f3n ", "publica": true, "fecha_clase": "2020-08-29", "curso": 10, "problemas": []}}, {"model": "clases.clase", "pk": 138, "fields": {"nombre": "Semana de desaf\u00edo", "publica": true, "fecha_clase": "2020-09-05", "curso": 10, "problemas": []}}, {"model": "clases.clase", "pk": 139, "fields": {"nombre": "Complejidad", "publica": true, "fecha_clase": "2020-09-12", "curso": 10, "problemas": []}}, {"model": "clases.clase", "pk": 140, "fields": {"nombre": "Simulacro OCI", "publica": true, "fecha_clase": "2020-09-26", "curso": 10, "problemas": []}}]